ID,NAME,EMAIL,PHONE
1,manish,manish1@test.com,905001
2,aniket,aniket2@test.com,905002
3,saif,saif3@test.com,905003
4,om,om4@test.com,905004
5,ram,ram5@test.com,905005
6,divesh,divesh6@test.com,905006
7,pravin,pravin7@test.com,905007
8,rahul,rahul8@test.com,905008
9,amit,amit9@test.com,905009
10,sneha,sneha10@test.com,905010
11,pooja,pooja11@test.com,905011
12,rohit,rohit12@test.com,905012
13,kiran,kiran13@test.com,905013
14,ajay,ajay14@test.com,905014
15,vikas,vikas15@test.com,905015
16,neha,neha16@test.com,905016
17,sumit,sumit17@test.com,905017
18,deepak,deepak18@test.com,905018
19,ravi,ravi19@test.com,905019
20,karan,karan20@test.com,905020
21,nitin,nitin21@test.com,905021
22,arjun,arjun22@test.com,905022
23,meena,meena23@test.com,905023
24,tina,tina24@test.com,905024
25,sachin,sachin25@test.com,905025
26,anil,anil26@test.com,905026
27,varun,varun27@test.com,905027
28,tarun,tarun28@test.com,905028
29,riya,riya29@test.com,905029
30,komal,komal30@test.com,905030
31,ashok,ashok31@test.com,905031
32,gaurav,gaurav32@test.com,905032
33,pankaj,pankaj33@test.com,905033
34,manoj,manoj34@test.com,905034
35,vinay,vinay35@test.com,905035
36,alok,alok36@test.com,905036
37,harsh,harsh37@test.com,905037
38,naveen,naveen38@test.com,905038
39,mukesh,mukesh39@test.com,905039
40,suraj,suraj40@test.com,905040
41,abhishek,abhishek41@test.com,905041
42,yash,yash42@test.com,905042
43,aditya,aditya43@test.com,905043
44,shubham,shubham44@test.com,905044
45,payal,payal45@test.com,905045
46,rakesh,rakesh46@test.com,905046
47,sonal,sonal47@test.com,905047
48,monika,monika48@test.com,905048
49,rekha,rekha49@test.com,905049
50,priya,priya50@test.com,905050
51,ananya,ananya51@test.com,905051
52,isha,isha52@test.com,905052
53,shivam,shivam53@test.com,905053
54,krishna,krishna54@test.com,905054
55,rajesh,rajesh55@test.com,905055
56,sandeep,sandeep56@test.com,905056
57,mahesh,mahesh57@test.com,905057
58,jatin,jatin58@test.com,905058
59,lakshmi,lakshmi59@test.com,905059
60,heena,heena60@test.com,905060
61,salman,salman61@test.com,905061
62,farhan,farhan62@test.com,905062
63,irfan,irfan63@test.com,905063
64,asim,asim64@test.com,905064
65,faizan,faizan65@test.com,905065
66,naresh,naresh66@test.com,905066
67,chetan,chetan67@test.com,905067
68,bharat,bharat68@test.com,905068
69,dev,dev69@test.com,905069
70,tejas,tejas70@test.com,905070
71,hardik,hardik71@test.com,905071
72,jay,jay72@test.com,905072
73,parth,parth73@test.com,905073
74,darshan,darshan74@test.com,905074
75,nikhil,nikhil75@test.com,905075
76,tushar,tushar76@test.com,905076
77,chirag,chirag77@test.com,905077
78,mayur,mayur78@test.com,905078
79,kunal,kunal79@test.com,905079
80,pratik,pratik80@test.com,905080
81,anup,anup81@test.com,905081
82,harshit,harshit82@test.com,905082
83,vivek,vivek83@test.com,905083
84,ujjwal,ujjwal84@test.com,905084
85,yogesh,yogesh85@test.com,905085
86,sanjay,sanjay86@test.com,905086
87,dheeraj,dheeraj87@test.com,905087
88,lokesh,lokesh88@test.com,905088
89,raj,raj89@test.com,905089
90,mohan,mohan90@test.com,905090
91,gopal,gopal91@test.com,905091
92,kamal,kamal92@test.com,905092
93,rajat,rajat93@test.com,905093
94,aman,aman94@test.com,905094
95,simran,simran95@test.com,905095
96,nancy,nancy96@test.com,905096
97,kajal,kajal97@test.com,905097
98,muskan,muskan98@test.com,905098
99,rupal,rupal99@test.com,905099
100,chetna,chetna100@test.com,905100